insert into manager values('gck','000');

insert into label values ('一人食');
insert into label values ('二人世界');
insert into label values ('儿童餐');
insert into label values ('冰淇淋');
insert into label values ('创意菜');
insert into label values ('家庭聚会');
insert into label values ('小吃');
insert into label values ('川菜');
insert into label values ('巧克力');
insert into label values ('日料');
insert into label values ('朋友聚会');
insert into label values ('烘焙');
insert into label values ('烧烤');
insert into label values ('粤菜');
insert into label values ('自助餐');
insert into label values ('西餐');
insert into label values ('韩料');

insert into ctime values ('10分钟');
insert into ctime values ('20分钟');
insert into ctime values ('半个小时');
insert into ctime values ('一个小时');
insert into ctime values ('两个小时');
insert into ctime values ('数小时');
insert into ctime values ('一天');
insert into ctime values ('数天');


insert into craft values ('其它');
insert into craft values ('卤');
insert into craft values ('扒');
insert into craft values ('技巧');
insert into craft values ('拌');
insert into craft values ('拔丝');
insert into craft values ('溜');
insert into craft values ('火锅');
insert into craft values ('炒');
insert into craft values ('炖');
insert into craft values ('炝');
insert into craft values ('炸');
insert into craft values ('烘焙');
insert into craft values ('烤');
insert into craft values ('烧');
insert into craft values ('烩');
insert into craft values ('焖');
insert into craft values ('煎');
insert into craft values ('煨');
insert into craft values ('煮');
insert into craft values ('煲');
insert into craft values ('熏');
insert into craft values ('爆');
insert into craft values ('生鲜');

insert into craft values ('砂锅');
insert into craft values ('腌');
insert into craft values ('蒸');
insert into craft values ('调味');
insert into craft values ('酥');
insert into craft values ('酱');

insert into tool values ('不粘锅');
insert into tool values ('其他');
insert into tool values ('咖啡机');
insert into tool values ('土司面包');
insert into tool values ('平板锅');
insert into tool values ('微波炉');
insert into tool values ('打蛋机');
insert into tool values ('搅拌机');
insert into tool values ('其它');
insert into tool values ('果冻模');
insert into tool values ('模具锅');
insert into tool values ('汤锅');
insert into tool values ('泡奶机');
insert into tool values ('炒锅');
insert into tool values ('烤箱');
insert into tool values ('焖烧锅');
insert into tool values ('煮锅');
insert into tool values ('瓦煲');
insert into tool values ('电压力锅');
insert into tool values ('电子瓦煲');
insert into tool values ('电烤箱');
insert into tool values ('电饭煲');
insert into tool values ('电饼铛');
insert into tool values ('砂锅');
insert into tool values ('蒸锅');
insert into tool values ('调酒器');
insert into tool values ('豆浆机');
insert into tool values ('酸奶机');
insert into tool values ('面包机');
insert into tool values ('食物调理机');
insert into tool values ('高压锅');

insert into flavour values ('中辣');
insert into flavour values ('原味');
insert into flavour values ('咸甜');
insert into flavour values ('咸鲜');
insert into flavour values ('微辣');
insert into flavour values ('其它');
insert into flavour values ('甜味');
insert into flavour values ('甜咸');
insert into flavour values ('葱香');
insert into flavour values ('超辣');
insert into flavour values ('酱香');
insert into flavour values ('酸甜');
insert into flavour values ('酸辣');
insert into flavour values ('麻辣');
insert into flavour values ('酸味');

insert into style values ('上海菜');
insert into style values ('东北菜');
insert into style values ('云南菜');
insert into style values ('创意菜');
insert into style values ('北京菜');
insert into style values ('台湾美食');
insert into style values ('客家菜');
insert into style values ('川菜');
insert into style values ('家常菜式');
insert into style values ('徽菜');
insert into style values ('新疆菜');
insert into style values ('其它');
insert into style values ('浙菜');
insert into style values ('淮扬菜');
insert into style values ('湘菜');
insert into style values ('澳门美食');
insert into style values ('粤菜');
insert into style values ('苏菜');
insert into style values ('西北菜');
insert into style values ('贵州菜');
insert into style values ('闽菜');
insert into style values ('香港美食');
insert into style values ('鲁菜');

insert into difficulty values ('大神级');
insert into difficulty values ('很难');
insert into difficulty values ('普通');
insert into difficulty values ('简单');
insert into difficulty values ('较难');
insert into difficulty values ('难');

insert into uid values ('angle', '3333', '1432652707868.jpeg', '男', '2015-05-26 23:05:07', '4', '10', '2', '8', '10', '<#>15<#>14<#>13<#>12<#>11<#>10<#>8<#>6<#>4<#>2<#>', '<#>1022<#>1036<#>1035<#>1034<#>1032<#>1030<#>1024<#>1023<#>', '2');
insert into uid values ('孟瑶', '4444', '1432652978749.jpeg', '女', '2015-05-26 23:09:38', '0', '2', '0', '0', '6', '<#>11<#>9<#>7<#>5<#>3<#>8<#>', '<#>', '1');
insert into uid values ('张三', '000', 'initial.jpg', '男', '2015-05-25 19:47:18', '1', '0', '11', '4', '0', '<#>', '<#>1030<#>1022<#>1021<#>1024<#>', '0');
insert into uid values ('李四', '000', '1432652412184.jpeg', '男', '2015-05-26 23:00:12', '1', '2', '0', '3', '2', '<#>15<#>10<#>', '<#>1036<#>1035<#>1032<#>', '3');
insert into uid values ('李志红', '222', '1432652627958.jpeg', '男', '2015-05-26 23:03:47', '2', '1', '0', '3', '5', '<#>14<#>11<#>10<#>15<#>12<#>', '<#>1036<#>1032<#>1024<#>', '2');
insert into uid values ('gck', '000', '1432652539138.jpeg', '保密', '2015-05-26 23:02:19', '0', '0', '0', '0', '0', '<#>', '<#>', '0');


insert into attention values ('angle', '#李志红#angle#', '2');
insert into attention values ('孟瑶', '#angle#', '1');
insert into attention values ('李四', '#张三#李志红#angle#', '3');
insert into attention values ('李志红', '#angle#李四#', '2');

insert into random values ('1', 'angle', '唐山市', '小吃', '模棱两可', '1433248146708.jpeg%1433248146785.jpeg%1433248146891.jpeg%1433248147011.jpeg%1433248147099.jpeg%1433248147250.jpeg%1433248147359.jpeg', '2015-06-02 20:29:07', '0', '0', '0', '<#>', '1', '1432652707868.jpeg');
insert into random values ('2', 'angle', '唐山市', '二人世界', '可口可乐了', '1433248160000.jpeg%1433248160155.jpeg%1433248160239.jpeg%1433248160374.jpeg', '2015-06-02 20:29:20', '1', '0', '1', '<#>angle<#>', '1', '1432652707868.jpeg');
insert into random values ('3', 'angle', '', '朋友聚会', '跟朋友一起吃的，大餐呀', '1441671756343.jpeg%1441671756444.jpeg', '2015-09-08 08:22:36', '1', '0', '0', '<#>', '1', '1432652707868.jpeg');
insert into random values ('4', 'angle', '唐山市', '朋友聚会', '五一，跟朋友聚餐，太幸福了', '1441672891654.jpeg%1441672891785.jpeg%1441672891941.jpeg%1441672892123.jpeg%1441672892278.jpeg%1441672892542.jpeg%1441672892787.jpeg%1441672892981.jpeg%1441672893170.jpeg', '2015-09-08 08:41:33', '1', '0', '1', '<#>angle<#>', '1', '1432652707868.jpeg');
insert into random values ('5', 'angle', '唐山市', '烘焙', '自己的烘焙，太好吃了', '1441672957156.jpeg%1441672957376.jpeg%1441672957630.jpeg', '2015-09-08 08:42:37', '1', '0', '0', '<#>', '1', '1432652707868.jpeg');
insert into random values ('6', 'angle', '', '儿童餐', '陪小侄女一起吃饭 ，慢慢的幸福', '1441672995128.jpeg%1441672995253.jpeg%1441672995461.jpeg', '2015-09-08 08:43:15', '1', '0', '1', '<#>angle<#>', '1', '1432652707868.jpeg');
insert into random values ('7', 'angle', '', '西餐', '慢慢的幸福', '1441673017996.jpeg%1441673018227.jpeg%1441673018390.jpeg', '2015-09-08 08:43:38', '1', '0', '0', '<#>', '1', '1432652707868.jpeg');
insert into random values ('8', 'angle', '', '小吃', '好吃呀', '1441673058691.jpeg%1441673058855.jpeg', '2015-09-08 08:44:18', '2', '0', '1', '<#>angle<#>', '1', '1432652707868.jpeg');
insert into random values ('9', 'angle', '唐山市', '创意菜', '又要聚餐了，么么哒', '1441673254894.jpeg%1441673255400.jpeg%1441673255651.jpeg%1441673256320.jpeg%1441673256605.jpeg%1441673256799.jpeg', '2015-09-08 08:47:36', '1', '0', '0', '<#>', '1', '1432652707868.jpeg');
insert into random values ('10', 'angle', '', '儿童餐', '又到中秋了，幸福的和家人在一起', '1441673307144.jpeg%1441673307521.jpeg%1441673307760.jpeg%1441673307878.jpeg%1441673308042.jpeg%1441673308187.jpeg%1441673308325.jpeg', '2015-09-08 08:48:28', '3', '7', '4', '<#>孟瑶<#>李志红<#>李四<#>angle<#>', '1', '1432652707868.jpeg');
insert into random values ('11', '孟瑶', '唐山市', '朋友聚会', '好吃，有空你做做吧', '1441775031983.jpeg%1441775032188.jpeg%1441775032399.jpeg%1441775032678.jpeg%1441775032861.jpeg%1441775033001.jpeg', '2015-09-09 13:03:53', '3', '0', '2', '<#>李志红<#>angle<#>', '1', '1432652978749.jpeg');
insert into random values ('12', '孟瑶', '', '朋友聚餐', '家庭聚餐，点菜就是任性，菜品精美吧', '1441775082269.jpeg%1441775082397.jpeg%1441775082547.jpeg%1441775082704.jpeg%1441775082889.jpeg', '2015-09-09 13:04:42', '2', '0', '2', '<#>李志红<#>angle<#>', '1', '1432652978749.jpeg');
insert into random values ('13', '李四', '唐山市', '二人世界', '美美的一餐，晒一下', '1441775221997.jpeg%1441775222205.jpeg%1441775222459.jpeg%1441775222694.jpeg', '2015-09-09 13:07:02', '1', '0', '1', '<#>angle<#>', '1', '1432652412184.jpeg');
insert into random values ('14', '李四', '唐山市', '粤菜', '粤菜不错吧，嘻嘻你也尝尝，晒一下', '1441775279500.jpeg%1441775279653.jpeg%1441775279890.jpeg%1441775280073.jpeg%1441775280349.jpeg%1441775280608.jpeg%1441775280889.jpeg%1441775281148.jpeg%1441775281308.jpeg%1441775281426.jpeg', '2015-09-09 13:08:01', '2', '0', '2', '<#>李志红<#>angle<#>', '1', '1432652412184.jpeg');
insert into random values ('15', '李志红', '唐山市', '朋友聚餐', '姐妹们一起嗨，菜品真心不错', '1441775398869.jpeg%1441775399139.jpeg%1441775399276.jpeg%1441775399393.jpeg%1441775399582.jpeg%1441775400019.jpeg', '2015-09-09 13:10:00', '3', '0', '3', '<#>李志红<#>李四<#>angle<#>', '1', '1432652627958.jpeg');



insert into pro values ('1021', '1432555680741.jpeg|可可戚风蛋糕切成三片', '1432555680754.jpeg|放上一层可可蛋糕', '1432555680759.jpeg|淡奶油加糖粉打发', '1432555680764.jpeg|提前腌制好的樱桃', '1432555680775.jpeg|铺上一层奶油，撒上樱桃', '1432555680780.jpeg|全部夹好，顶部放较多的奶油', '1432555680786.jpeg|抹面', '1432555680793.jpeg|巧克力冷藏至硬', '1432555680799.jpeg|巧克力隔水融化，放在小盆里冷藏', '1432555680806.jpeg|巧克力屑均匀的撒在蛋糕上，边缘用刮刀粘在侧面', '1432555680812.jpeg|全部放满巧克力屑', '1432555680817.jpeg|顶部用裱花嘴挤出奶油花，放上樱桃做为装饰', null, null, null, null, null, null, null, null);
insert into pro values ('1022', '1432556873922.jpeg|准备葱、姜、蒜，蒜瓣拍扁', '1432556873997.jpeg|放到锅里，再加入半小碗植物油和花椒大料，开小火熬料油，待锅里材料变黄，把孜然粒放小漏勺里', '1432556874003.jpeg|炒勺倾斜，装好孜然的漏勺浸在油里，小火接着熬，（孜然粒放漏勺里，是因为孜然粒小，不好捞），锅里材料焦黄，即可关火，控出漏勺里的油，把孜然倒掉', '1432556874010.jpeg|捞出锅里的所有材料不要，倒出料油晾凉备用', '1432556874015.jpeg|菠菜摘洗干净，待锅里的水开后，加入少许盐和几滴植物油，放入菠菜焯水', '1432556874019.jpeg|菠菜焯好后捞出，放到凉水盆里冷却', '1432556874023.jpeg|菠菜攥去水分，切小段', '1432556874028.jpeg|切完段后再攥一下水放盆里（别太干），抓散，加入蒜末，料油、盐、生抽、米醋、鸡精拌匀', '1432556874032.jpeg|拌好的菠菜', '1432556874036.jpeg|装盘，上边切少许胡萝卜丝点缀', '1432556874089.jpeg|成品图！', null, null, null, null, null, null, null, null, null);
insert into pro values ('1023', '1432558038205.jpeg|准备好食材，包括蟹子酱虾尖、生菜、椰菜、芒果、芫荽、柠檬、鱼露、小辣椒、糖、生抽', '1432558038212.jpeg|将材料洗净，菜切丝，芒果切块，辣椒切丝', '1432558038220.jpeg|芒果切块很简单哦，将芒果沿着核，两边各切除两块后在芒果肉上开花，轻轻一掰就出来了', '1432558038225.jpeg|蟹子酱虾尖用清水灼熟', '1432558038229.jpeg|将调料混合，这里要注意，糖一定要充分搅拌让它完全融化哦。鱼露由于咸度很够，建议不要放太多', '1432558038233.jpeg|将混合好的调料倒入材料中，挤入柠檬。第一次做可能不清楚咸度，建议混合好的调料一点点倒入试味，知道适合个人的口味。丸子妹喜欢又酸又辣又甜的口感，所以这三样我会放的相对多一些(≧▽≦)/', '1432558038237.jpeg|所有的材料充分拌匀即可', '1432558038242.jpeg|最后摆盘，卖相灰常好呢~', null, null, null, null, null, null, null, null, null, null, null, null);
insert into pro values ('1024', '1432559076821.jpeg|青瓜洗净、用刨皮刀刨成长片状。', '1432559076826.jpeg|莴笋和红萝卜去皮洗净切成丝。', '1432559076834.jpeg|豆腐皮用开水过洗干净。', '1432559076841.jpeg|豆皮同样切成丝。', '1432559076851.jpeg|取一片青瓜铺平，朝一端放入萝卜丝，莴笋丝和豆皮丝。', '1432559076859.jpeg|卷起完成。用同样做法卷完剩余青瓜。', '1432559076879.jpeg|将所有造型好的青瓜卷摆入平盘里。如图', '1432559076888.jpeg|另起一个小碗，加入4克盐、30毫升酱油、10毫升香油、15毫升辣椒油、10毫升香醋、2克白糖拌匀成香汁料。', '1432559076898.jpeg|将汁料淋入青瓜完成。', null, null, null, null, null, null, null, null, null, null, null);
insert into pro values ('1030', '1432562899213.jpeg|准备好原材料， 猪耳朵和五花肉提前用冷泡过；', '1432562899218.jpeg|猪耳朵和五花肉冷水下锅，将所以的大料放入钢球中，加入适量的白酒；', '1432562899228.jpeg|再加入葱姜段和适量的老抽， 开大火煮开；', '1432562899234.jpeg|煮开后撇去浮沫；', '1432562899248.jpeg|再加盖，转为小火炖煮30分钟；', '1432562899258.jpeg|加入适量的盐， 继续炖煮10分钟，关火， 再泡上一、二个小时为宜；', '1432562899263.jpeg|卤煮好的猪耳斜切成细长片；', '1432562899270.jpeg|再将嫩黄瓜刨成薄长片；', '1432562899275.jpeg|将黄瓜片卷放着围成一圈， 中间放入切好的猪耳；', '1432562899282.jpeg|在中间放上蒜泥，浇淋上红辣椒油，', '1432562899287.jpeg|点缀点茴香叶。', null, null, null, null, null, null, null, null, null);
insert into pro values ('1031', '1432647418802.jpeg|备料明虾，洋葱。', '1432647418808.jpeg|将明虾去壳，用适量细盐搓腌一下备用。', '1432647418815.jpeg|热锅加油将洋葱下锅爆炒。', '1432647418827.jpeg|再将冲洗好的虾仁下锅同炒。', '1432647418832.jpeg|加适量细盐调味。', '1432647418845.jpeg|再加入青蒜同炒至出味即可。', '1432647418850.jpeg|这样子一份洋葱虾仁就完成了。', null, null, null, null, null, null, null, null, null, null, null, null, null);
insert into pro values ('1032', '1432648049849.jpeg|备好食材：橄榄油和樱桃小萝卜', '1432648049856.jpeg|萝卜洗净后削去两头根须，再用刀面将萝卜拍裂（最好别拍碎了）', '1432648049864.jpeg|放入适量盐腌制15-20分钟', '1432648049874.jpeg|大蒜拍碎后剁成末', '1432648049896.jpeg|碗里放入蒜末、鲜酱油、陈醋、糖、花椒油和橄榄油', '1432648049901.jpeg|将料汁调匀后倒入腌制好的萝卜里。', '1432648049907.jpeg|拌匀后即可食用，一道非常营养开胃的小凉菜！', null, null, null, null, null, null, null, null, null, null, null, null, null);
insert into pro values ('1033', '1432648802732.jpeg|素鸡切较厚点的片', '1432648802744.jpeg|放入油锅中煎至两面金黄捞出', '1432648802753.jpeg|锅中留适量底油，中小火将葱段（从头部分）、姜条、八角煸炒爆香', '1432648802758.jpeg|放入蚝油、鲜酱油', '1432648802824.jpeg|老抽', '1432648802828.jpeg|干辣椒段和剩余的葱段', '1432648802832.jpeg|冰糖', '1432648802842.jpeg|煸炒片刻倒入清水烧开', '1432648802847.jpeg|把煎好的素鸡到进去，盖上锅盖小火烧15-20分钟左右', '1432648802853.jpeg|汁收至浓稠即可', '1432648802858.jpeg|出锅装盘，趁热享用非常美味！', null, null, null, null, null, null, null, null, null);
insert into pro values ('1034', '1432649604734.jpeg|木耳泡发。', '1432649604739.jpeg|大蒜切碎沫。红辣椒和青辣椒切圈。木耳泡发后撕碎洗净待用。', '1432649604747.jpeg|坐锅烧水煮开后加木耳下去煮2分钟。', '1432649604753.jpeg|取一个盆。倒入生抽。大蒜，辣椒。辣椒油，白糖。陈醋，鸡精。搅拌均匀', '1432649604772.jpeg|煮好的木耳沥水放入盆里。加入橄榄油。', '1432649604778.jpeg|马上搅拌均匀凉透即可。', null, null, null, null, null, null, null, null, null, null, null, null, null, null);
insert into pro values ('1035', '1432650729570.jpeg|准备好食材：羊肉、香菜、鱼露、香油、酱油、腐乳汁、葱、姜。（这脑子，香油和酱油又忘了拍进去。）', '1432650729579.jpeg|羊肉切片、葱切眉毛葱、姜切末、香菜取梗切寸断。', '1432650729586.jpeg|分别放入腐乳汁、鱼露、酱油、香油，每放完一种调料都要用手抓匀。', '1432650729590.jpeg|最后把姜末放进去也用手抓匀。', '1432650729593.jpeg|抓匀以后腌制五分钟', '1432650729596.jpeg|炒锅烧热放10克玉米油', '1432650729601.jpeg|下入腌制好的羊肉用筷子扒拉散开', '1432650729605.jpeg|待羊肉变色就加入葱扒拉几下', '1432650729610.jpeg|最后加入香菜梗', '1432650729616.jpeg|翻匀即可出锅装盘开吃！', null, null, null, null, null, null, null, null, null, null);
insert into pro values ('1036', '1432651493449.jpeg|原料图', '1432651493456.jpeg|鱼洗净沥干水分，加盐、胡椒粉调出底味腌10分钟', '1432651493462.jpeg|炒锅烧热倒油，下 葱姜蒜 小火煸至金黄，捞出待用', '1432651493468.jpeg|转大火，下鱼煎制', '1432651493472.jpeg|两面煎黄', '1432651493477.jpeg|盛起待用', '1432651493480.jpeg|锅擦净', '1432651493483.jpeg|小火，倒油，加入泡椒炒出红油，下煸好的葱姜蒜', '1432651493486.jpeg|转中火，加入煎好的鱼', '1432651493490.jpeg|喷料酒', '1432651493505.jpeg|倒入生抽，轻轻翻动一下', '1432651493509.jpeg|沿锅边淋入适量清水', '1432651493519.jpeg|转小火，盖盖焖3～5分钟', '1432651493527.jpeg|撒葱花起锅(盛起时将上面的朝下放，使之均匀入味）', '1432651493533.jpeg|出锅，终于可以尝到美食了', null, null, null, null, null);
insert into pro values ('1037', '1432654677213.jpeg|黄油室温下软化，加入糖粉搅拌至颜色变浅。', '1432654677359.jpeg|分三次加入蛋白，每次都要充分搅拌后再加入', '1432654677456.jpeg|倒入过筛后的低筋面粉拌匀，再加上适量黑芝麻拌匀即可。', '1432654677575.jpeg|把面糊倒在垫有油纸的烤盘上，用塑料刮刀磨平刮薄。', '1432654677633.jpeg|放入烤箱，上下火170度，烘烤10分钟，至表面色泽金黄即可。', '1432654677808.jpeg|出炉后切成方形小块即可食用。', null, null, null, null, null, null, null, null, null, null, null, null, null, null);
insert into pro values ('1038', '1432657309431.jpeg|准备材料', '1432657309602.jpeg|将草鱼洗净减去鱼鳍，用刀在鱼身两侧开刀花，然后沿鱼骨将鱼分开，使鱼分成两半，鱼背相连', '1432657309704.jpeg|将盐均匀抹在鱼身，加葱、姜、料酒、腌制20分钟。', '1432657309811.jpeg|准备配菜芹菜切段，青笋切厚片，香菇切厚片，黄豆芽去根洗净。', '1432657309969.jpeg|将烤盘铺好锡纸垫上葱段和姜片将腌好的鱼放入，鱼身刷上油，撒上辣椒粉、花椒粉、孜然粉。', '1432657310063.jpeg|放入预热250度的烤箱上下20分钟', '1432657310177.jpeg|炒锅中放油，小火炒香生姜、蒜瓣、洋葱、放入郫县豆瓣酱、花椒继续炒香。', '1432657310277.jpeg|加入水烧开，加酱油、盐、糖、鸡精调味。', '1432657310388.jpeg|加入香芹、青笋、香菇等配菜同煮，段生后关火。', '1432657310492.jpeg|取出烤好的鱼', '1432657310625.jpeg|将炒好的调料及配菜，浇撒在烤好的鱼身上。', '1432657310710.jpeg|将炒好的调料放入烤箱200度烤10分钟', '1432657310790.jpeg|另起锅放入油烧至5成热，放入适量干辣椒、花椒小火炸香。', '1432657310872.jpeg|趁热浇在烤好的鱼身上，用香菜装饰烤鱼即可上桌', null, null, null, null, null, null);


insert into menu values ('1021', '唯美黑森林', '张三', '1432555680984.jpeg', '其它', '大神级', '原味', '10分钟', '电烤箱', '其它', '可可戚蛋糕|一个%淡奶油|600克%黑巧克力|100克', '樱桃|60克%樱桃酒|80克', '为了这黑森林，做了不少的功课，第一次做给大家吃，没想到反响非常的好，之前的努力也就值得了！', '注意烘烤时间，时间太长奶油容易化掉，蛋糕会变形哦。', '1', '1', '2', '2015-05-25 20:08:01', '<#>张三<#>', '1', 'initial.jpg');
insert into menu values ('1022', '秘汁菠菜', '张三', '1432556874283.jpeg', '创意菜', '简单', '咸鲜', '20分钟', '汤锅', '拌', '菠菜|一小捆%植物油|少半碗', '花椒|一小撮%大料|2个%葱段|4小段%姜片|4小片%蒜孜然粒|半小把%生抽|适量%米醋|适量%鸡精|少许%盐|适量%蒜末|4-5瓣', '夏季最受欢迎的莫过于凉拌菜了！宝妈家的这道凉拌菠菜稍稍加了一点小心思，口味马上不同！这里的凉拌油适合好多蔬菜，且做法简单，零厨艺也轻松搞定!', '1 料油里的孜然量稍多些，这个油适合绝大多数凉拌菜 \n2 菠菜别焯太烂，一拌就成泥了 \n3 拌菜的时候，蒜末量大些', '2', '2', '1', '2015-05-25 20:27:54', '<#>张三<#>angle<#>', '1', 'initial.jpg');
insert into menu values ('1023', '泰式虾尖', '张三', '1432558038419.jpeg', '创意菜', '简单', '咸甜', '10分钟', '汤锅', '煮', '虾尖|适量%生菜|适量%鱼露|适量%芫荽|一棵%小辣椒|适量', '芒果|适量%紫椰菜|适量%糖|适量%柠檬|一颗%老抽|少许', '泰式沙拉和平时在西餐里吃到的甜味沙拉不太一样，混合着甜酸辣集中口味，又点奇怪却让人吃得停不下来！对比起加了大量糖和奶油的沙拉酱，这款绝对是低热量的沙拉。丰富的色彩，也让人胃口大开！', '1、如果喜欢西柚或者花生米的亲，也可以一起加入哦！\n2、由于沙拉属于生食，建议购买有机的蔬菜', '1', '1', '0', '2015-05-25 20:47:18', '<#>angle<#>', '1', 'initial.jpg');
insert into menu values ('1024', '凉拌青丝瓜', '张三', '1432559076962.jpeg', '创意菜', '简单', '咸鲜', '10分钟', '汤锅', '拌', '青瓜|1条%莴笋|100克%红萝卜|100克%豆腐皮|1块%盐|4块%酱油|30ml%香油|10ml%辣椒油|15ml', '香醋|10ml%白糖|2克', '炎炎夏日，清凉的夏日菜来啦。', '汁料可根据个人口味调整，也可加入辣椒葱香菜等等。', '3', '3', '0', '2015-05-25 21:04:36', '<#>张三<#>李志红<#>angle<#>', '1', 'initial.jpg');
insert into menu values ('1030', '红油猪儿', '张三', '1432562899389.jpeg', '家常菜式', '普通', '咸鲜', '数小时', '焖烧锅', '卤', '猪耳朵|2个%五花肉|1块%黄瓜|2个', '葱姜蒜|适量%白酒|适量%酱油|适量%辣椒油|适量%香叶|适量%干红辣椒|适量%甘草|适量%丁香|适量%八角|适量%草果|适量%盐|适量%酱油|适量%桂皮|适量%小茴香|适量%花椒|适量', '立夏后温度开始升起来，也越来越没了胃口，因此做点荤素搭配的开胃凉拌菜来调动家人的胃口。红油猪耳，很经典的一款凉菜，开胃、美味、简单，是道佐酒下饭的佳肴。虽说奶奶的手艺没有传下来，但还是有个小小的秘诀，就是制作素菜、牛肉等其它卤货时一定要加点五花肉，让它们都带有肉香，这样做出来能不好吃吗？ 提前将猪耳卤制好，卤好的猪耳最好泡上几个小时让它更入味。吃时将猪耳斜切成薄片，再刨些黄瓜片摆放在周围，倒入自制的红油，这样一盘美味的“红油猪耳”就完成了。猪耳吃起来香脆可口、酱香浓郁，非常有韧劲，再加上清香爽脆的黄瓜片，味道鲜香不腻人。', '1. 卤制猪耳准备的大料有：葱姜段， 八角、桂皮、香叶、花椒、干辣椒、甘草、草果、丁香和小茴香等，将它们放入调味料钢球中能保持卤水的干净； \n2. 猪耳和五花肉提前泡水或者焯水，卤制时加入白酒去腥，水开后撇去浮沫能更大限度保持鲜味； 煮开后转为小火， 煮上30分钟后猪耳八、九层熟， 再加入盐，最后煮上10分钟； 关火，泡上几个小时， 更加入味； \n3. 平时卤鸡鸭或者鸡杂、素菜等没有大油的食材， 加入块五花肉一起卤煮，味道更香；卤水可以捞出材料， 煮开后放入冰箱中冷冻， 下次接着使用， 到时候还可以添加点大料继续卤菜。', '2', '2', '0', '2015-05-25 22:08:19', '<#>张三<#>angle<#>', '1', 'initial.jpg');
insert into menu values ('1031', '洋葱虾仁', '张三', '1432647418980.jpeg', '家常菜式', '简单', '咸鲜', '20分钟', '炒锅', '炒', '明虾|250克%洋葱|1个', '青蒜|适量%细盐|适量%色拉油|适量', '现在我们这边明虾小菜场40，大菜场35。我上周六的时候去菜场买了三斤100元。买回家一小袋一小袋分好，在早上给家人做速炒类的菜，即快又有营养。喜欢的朋友们也可以参考一下哦。', '虾仁是易熟的食材，注意炒制的时间。', '0', '0', '0', '2015-05-26 21:36:58', '<#>', '1', 'initial.jpg');
insert into menu values ('1032', '橄榄油拌樱桃小胡萝卜', '张三', '1432648049953.jpeg', '家常菜式', '简单', '酸甜', '20分钟', '其他', '炒', '樱桃萝卜|150g%橄榄油|5g', '盐|适量%鲜酱油|5g%陈醋|5g%糖|3g%大蒜|2瓣%花椒油|少许', '樱桃萝卜外形袖珍，与樱桃很相似，看上去非常可爱，营养价值也颇高。 樱桃萝卜水分含量较高，品质细嫩，非常适合于生吃。今天做的这道凉菜口感特别脆嫩，也非常入味，是一道开胃下饭的小凉菜哦。', '1、萝卜在拍的时候别太用力，否则拍得太碎影响卖相，食用时也不好挟 \n2、萝卜如果腌出水来，在拌调料前要先控干水分', '3', '3', '1', '2015-05-26 21:47:29', '<#>李志红<#>李四<#>angle<#>', '1', 'initial.jpg');
insert into menu values ('1033', '红烧素鸡', '张三', '1432648803037.jpeg', '家常菜式', '普通', '咸鲜', '半个小时', '其他', '烧', '素鸡|350克', '油|适量%生姜|适量%香葱|1根%干辣椒|1个%八角|2个%冰糖|8g%馅酱油|10g%老抽|5g%耗油|10g', '素鸡是豆制品的一种，较有韧性，口感与肉类相似，适合于各种烹饪方式。 素鸡中含有丰富蛋白质和卵磷脂，可防止血管硬化、预防心血管疾病、保护心脏、促进骨骼发育的功效。 今天这道菜也是我初次制作，之前都是用来凉拌、炒着吃，味道都不错，不过用来红烧更有肉的味道，入口汁多香浓，非常美味。', '1、素鸡有大有小，我买的是大点的。所以一根就够了\n2、烧素鸡的水量可以多放点，因为素鸡在烧制的时候会吸掉许多汤汁，我开始放的水比较少，在烧的期间又续过水', '1', '0', '0', '2015-05-26 22:00:03', '<#>angle<#>', '1', 'initial.jpg');
insert into menu values ('1034', '凉拌木耳', '张三', '1432649604819.jpeg', '家常菜式', '普通', '超辣', '20分钟', '其他', '拌', '干木耳|50g%橄榄油|一勺', '红辣椒|5个%青辣椒|3个%大蒜|3瓣%白糖|一勺%生抽|2勺%辣椒油|一勺%鸡精|5g%陈醋|半勺', '最近我是一个木耳控。自从上次买了一包放着忘记了然后长虫了扔掉之后。我又去买了一包很大的。上班不想去买菜。天天就围着这个木耳吃。不管带饭还是在家，都是吃木耳。这东西就是好。不用切不用搞。只要泡发后洗净去蒂就行。这几天都是吃木耳炒肉。一大包今天也见底了。才想着我没有用来凉拌过。可能我弄的辣椒太多了。这辣椒又辣。爽口的不得了。任谁都拒绝不了。以前凉拌都是用普通的油。这次有幸得到了橄榄油的试用。这道菜加了橄榄油之后。味道大大的提升了很多。橄榄油是非常有营养的。用来凉拌什么的是最好的选择哦。', '用越小的木耳越好。油可以根据自己喜欢加香油。', '1', '1', '0', '2015-05-26 22:13:24', '<#>angle<#>', '1', 'initial.jpg');
insert into menu values ('1035', '京味儿烤羊肉', '张三', '1432650729708.jpeg', '家常菜式', '普通', '麻辣', '20分钟', '其他', '炒', '羊肉|300克', '腐乳汁|20g%鱼露|10克%酱油|5g%香菜|40g%葱|30g%姜|5g%香油|5g', '那天看食全食美，石万荣石大侠教做一道京味儿烤羊肉，我一看就眼馋想做了，这道菜用油很少，非常符合现在的少油少盐的健康理念，又解馋又健康。有兴趣的都试试看吧！', '1用筷子扒拉羊肉更容易将羊肉分散开。 \n2加完葱和香菜梗扒拉几下就出锅，久了口感不好。 \n3腌制羊肉时间不要过久，不然肉容易老。', '2', '2', '0', '2015-05-26 22:32:09', '<#>李四<#>angle<#>', '1', 'initial.jpg');
insert into menu values ('1036', '红烧小鱼野', '张三', '1432651493599.jpeg', '家常菜式', '普通', '中辣', '半个小时', '炒锅', '烧', '小白鱼|5个%泡椒|2勺', '葱|2棵%姜片|3个%蒜瓣|4个%生抽|1勺%胡椒粉|1勺', '福州本地不论是池塘或水库，很多很多这种浮游在水面上的小鱼，它们成群结队地游来游去；我实在不能准确的用普通话翻译出它的名称，且叫它小野鱼吧！ 星期天带着两个孩子去水库钓鱼，整整一上午，除了煮的这几条，大概还有10来条用盐腌着，准备晒干做成小鱼干。 虽然没钓到大鱼，不过已很知足，因为孩子们很开心………… 这种野鱼，虽然刺很多，但出奇的香；煎的酥酥的，再配上泡椒来焖；这时，米饭很无辜！', '', '3', '3', '8', '2015-05-26 22:44:53', '<#>李志红<#>李四<#>angle<#>', '1', 'initial.jpg');
insert into menu values ('1037', '黑芝麻蛋白薄脆饼', 'angle', '1432654677144.jpeg', '上海菜', '简单', '甜味', '一个小时', '其他', '技巧', '低筋面粉|50g%黄油|50g%蛋清|一个', '糖粉|40g%黑芝麻|适量', '这是一款非常好吃的饼干——芝麻香、饼干脆，口感一流，真正嘎嘣脆！制作过程简单，即便是新手做起来成功率也很高。还可以消耗掉平常做烘焙剩余的蛋清，减少食材的浪费，超赞！', '1面糊得够薄，烤出来的才脆饼干才脆。\n2本文中的烘烤箱温度仅供参考，实际根据自家烤箱温度进行调节。', '0', '0', '0', '2015-05-26 23:37:57', '<#>', '0', '1432652707868.jpeg');
insert into menu values ('1038', '川氏烤鱼', 'angle', '1432657309290.jpeg', '川菜', '简单', '麻辣', '数小时', '其他', '炒', '草鱼|900克%香芹|50克%青笋|50克%鲜香菇|20克%黄豆芽|20克%洋葱|10克%香菜|适量', '干辣椒|10克%干花椒|10克%郫县豆瓣酱|100克%料酒|10克%盐|2克%生姜|5克%大蒜|5克%孜然|20克%辣椒粉|5克%花椒粉|2克', '川氏烤鱼是一种发源于重庆，而被万州发扬光大的特色美食，流传过程中，融合腌、烤、炖三种烹饪工艺技术，充分借鉴啦传统川菜及川味火锅用料的特点，口味死奇绝，营养丰富', '', '0', '0', '0', '2015-05-27 00:21:50', '<#>', '0', '1432652707868.jpeg');


insert into recommend values ('22', '1432554545500.jpeg', '2015-05-25 19:49:05', '今天做的晚饭');
insert into recommend values ('24', '1441776237583.jpeg', '2015-09-09 13:23:57', '温馨家常菜');
insert into recommend values ('25', '1441776312886.jpeg', '2015-09-09 13:25:12', '美味便当');
insert into recommend values ('26', '1441776379253.jpeg', '2015-09-09 13:26:19', '家的味道');

insert into random_recommend values ('1', '2015-09-08 09:27:44');
insert into random_recommend values ('2', '2015-09-08 09:27:44');
insert into random_recommend values ('3', '2015-09-08 09:00:57');
insert into random_recommend values ('4', '2015-09-08 09:00:58');


insert into menu_recommend values ('1021', '2015-05-25 20:28:01');
insert into menu_recommend values ('1022', '2015-05-25 20:28:01');
insert into menu_recommend values ('1023', '2015-09-08 09:12:42');
insert into menu_recommend values ('1024', '2015-09-08 09:27:09');

insert into commentmenu values ('2', '1021', 'angle', 'null', '菜品真是太精美了好好吃[害羞]', '2015-09-09 12:46:29', '1', '1432652707868.jpeg');
insert into commentmenu values ('3', '1021', 'angle', 'null', '真好吃么么哒', '2015-09-09 12:46:46', '1', '1432652707868.jpeg');
insert into commentmenu values ('4', '1032', '李四', 'null', '我也做过，真的很好吃', '2015-09-09 13:12:04', '1', '1432652412184.jpeg');
insert into commentmenu values ('5', '1036', '李四', 'null', '真好吃，我也去吃过', '2015-09-09 14:13:47', '1', '1432652412184.jpeg');
insert into commentmenu values ('6', '1036', '李四', 'null', '么么哒', '2015-09-09 14:14:02', '1', '1432652412184.jpeg');
insert into commentmenu values ('7', '1036', '李四', 'null', '[红心]下次带着女朋友去', '2015-09-09 14:14:29', '1', '1432652412184.jpeg');
insert into commentmenu values ('8', '1036', '李四', 'null', '很好吗', '2015-09-09 14:14:40', '1', '1432652412184.jpeg');
insert into commentmenu values ('9', '1036', '李四', 'null', '不知道该说些什么了，太好吃了', '2015-09-09 14:15:02', '1', '1432652412184.jpeg');
insert into commentmenu values ('10', '1036', '李四', 'null', '么么哒', '2015-09-09 14:15:09', '1', '1432652412184.jpeg');
insert into commentmenu values ('11', '1036', '李四', '1441779334542.jpeg', '吃过这个吗？', '2015-09-09 14:15:34', '1', '1432652412184.jpeg');
insert into commentmenu values ('12', '1036', '李四', '1441779341998.jpeg', '下次一起吧', '2015-09-09 14:15:42', '1', '1432652412184.jpeg');
insert into commentrandom values ('1', '10', 'angle', 'null', '哈哈，下次一起去吧', '2015-09-09 12:56:08', '1', '1432652707868.jpeg');
insert into commentrandom values ('2', '10', 'angle', 'null', '不行下次我们要一起去吃', '2015-09-09 12:56:29', '1', '1432652707868.jpeg');
insert into commentrandom values ('3', '10', 'angle', 'null', '你不带我去，伤心[亲]', '2015-09-09 12:56:49', '1', '1432652707868.jpeg');
insert into commentrandom values ('4', '10', 'angle', 'null', '[哭]能带家属吗？', '2015-09-09 12:58:03', '1', '1432652707868.jpeg');
insert into commentrandom values ('5', '10', 'angle', 'null', '[哭]', '2015-09-09 12:58:16', '1', '1432652707868.jpeg');
insert into commentrandom values ('6', '10', 'angle', '1441774732853.jpeg', '没有这道菜吧，嘻嘻我吃了', '2015-09-09 12:58:52', '1', '1432652707868.jpeg');
insert into commentrandom values ('7', '10', '孟瑶', 'null', '下次还要一起哦，么么哒', '2015-09-09 13:00:18', '1', '1432652978749.jpeg');



